[
    {
        "title" : "Lab 1-1",
        "description" : "In Lab 1-1, I learned how to create a script inside of an html document, and I use the document.write() function. The function receives a string argument and can be used to output HTML content to a webpage.",
        "link" : "https://ist239-stoltzfus.beausanders.net/project01-01/project01-01.html"
    },

    {
        "title" : "Lab 1-3",
        "description" : "In Lab 1-3, I learn how to embed JavaScript into html tags. We do this by using the on-click event handler inside of the input tag, so that when a button is clicked, another element is changed so that a message appears on the screen.",
        "link" : "https://ist239-stoltzfus.beausanders.net/project01-03/project01-03.html"
    },

    {
        "title" : "Lab 1-5",
        "description" : "In Lab 1-5, I learn how to debug errors found in the html document. This execise tests my understanding of common errors related to syntax, case sensitivity, function use, and string formatting in JavaScript. All required changes have been completed and documented in the code comments.",
        "link" : "https://ist239-stoltzfus.beausanders.net/project01-05/project01-05.html"
    },

    {
        "title" : "Lab 2-1",
        "description" : "In Lab 2-1, I created functions to convert values between Celsius and Fahrenheit. These functions are triggered when the user enters a temperature in either input field on the webpage.",
        "link" : "https://ist239-stoltzfus.beausanders.net/project02-01/project02-01.html"
    },
    
    {
        "title" : "Lab 2-3",
        "description" : "In Lab 2-3, I used JavaScript to show messages when you hover over shapes. It helped me learn how to change page content with events.",
        "link" : "https://ist239-stoltzfus.beausanders.net/project02-03/project02-03.html"
    },

    {
        "title" : "Lab 2-5",
        "description" : "In Lab 2-5, I fixed several syntax and logic errors in the JavaScript code. I corrected event handlers, fixed the condition that was preventing the 0 button from working.",
        "link" : "https://ist239-stoltzfus.beausanders.net/project02-05/project02-05.html"
    },

    {
        "title" : "Lab 3-1",
        "description" : "In Lab 3-1, I learned how to work with collections of HTML elements using class names in JavaScript. I practiced using loops to add event listeners and created a function that calculates a total based on user interaction. I also learned how to update the content of an HTML element using JavaScript, and how to apply a formatting function to display numeric values as currency.",
        "link" : "https://ist239-stoltzfus.beausanders.net/project03-01/project03-01.html"
    },

    {
        "title" : "Lab 3-3",
        "description" : "In Lab 3-3, I learned how to use a for loop to iterate through an array and access data from multiple related arrays. I also learned how to insert a string into a webpage by setting the innerHTML of an element retrieved using its tag name.",
        "link" : "https://ist239-stoltzfus.beausanders.net/project03-03/project03-03.html"
    },

    {
        "title" : "Lab 3-5",
        "description" : "In Lab 3-5, I learned how to identify and fix syntax errors in arrays and switch statements, logical errors in calculations, and problems related to calling and defining functions.",
        "link" : "https://ist239-stoltzfus.beausanders.net/project03-05/project03-05.html"
    },

    {
        "title" : "Lab 4-1",
        "description" : "In Lab 4-1, I corrected logical errors in the cost calculations and added error handling to check that users enter valid input.",
        "link" : "https://ist239-stoltzfus.beausanders.net/project04-01/project04-01.html"
    },

    {
        "title" : "Lab 4-3",
        "description" : "In Lab 4-3, I fixed some syntax errors with variables, added error handling to show a message if the character count goes over the limit, and cleaned up a mistake where the wrong variable name was used. I learned how to handle user input more safely and catch errors using try/catch blocks.",
        "link" : "https://ist239-stoltzfus.beausanders.net/project04-03/project04-03.html"
    },
    
    {
        "title" : "Lab 4-5",
        "description" : "In Lab 4-5, I fixed syntax and logic errors and used console.log() to test and track variable values. This helped me understand how the code was working and made it easier to find issues. I also used the browser’s developer tools to view error messages and figure out what was going wrong.",
        "link" : "https://ist239-stoltzfus.beausanders.net/project04-05/project04-05.html"
    },

    {
        "title" : "Lab 5-1",
        "description" : "In Lab 5-1, I learned how to automatically run a function using the setInterval() method in order to update values in the HTML document. I also learned how to access all elements that match a specific CSS selector using the querySelectorAll() method.",
        "link" : "https://ist239-stoltzfus.beausanders.net/project05-01/project05-01.html"
    },

    {
        "title" : "Lab 5-3",
        "description" : "In Lab 5-3, I learned how to get content from a web page and use JavaScript to add new things to it. I used a loop to go through heading elements and create links for a table of contents.",
        "link" : "https://ist239-stoltzfus.beausanders.net/project05-03/project05-03.html"
    },

    {
        "title" : "Lab 5-5",
        "description" : "In Lab 5-5, I corrected errors in the scrambleTiles() and playConcentration() functions that were preventing the tiles from visually changing as expected when clicked.",
        "link" : "https://ist239-stoltzfus.beausanders.net/project05-05/project05-05.html"
    },

    {
        "title" : "Lab 6-1",
        "description" : "In Lab 6-1, I added simple form validation with JavaScript to check that the password meets the pattern and matches the confirmation. I learned how to use setCustomValidity() to show custom error messages.",
        "link" : "https://ist239-stoltzfus.beausanders.net/project06-01/project06-01.html"
    },

    {
        "title" : "Lab 6-3",
        "description" : "In Lab 6-3, I copied shipping info to billing and showed a custom error message if fields are left blank. I learned how to handle checkbox events and use the invalid event for form validation.",
        "link" : "https://ist239-stoltzfus.beausanders.net/project06-03/project06-03.html"
    },

    {
        "title" : "Lab 6-5",
        "description" : "In Lab 6-5, I fixed errors by using proper event listeners and correcting element properties. I learned how to properly reference form fields and handle user input.",
        "link" : "https://ist239-stoltzfus.beausanders.net/project06-05/project06-05.html"
    },

    {
        "title" : "Lab 7-1",
        "description" : "In Lab 7-1, I learned how to use regular expressions to check if a password met certain requirements, like length and character types.",
        "link" : "https://ist239-stoltzfus.beausanders.net/project07-01/project07-01.html"
    },

    {
        "title" : "Lab 7-3",
        "description" : "In Lab 7-3, I learned how to use JavaScript to work with dates and times to show how much time is left until New Year's.",
        "link" : "https://ist239-stoltzfus.beausanders.net/project07-03/project07-03.html"
    },

    {
        "title" : "Lab 7-5",
        "description" : "In Lab 7-5, I fixed issues with the file input and regex. I also learned how to fix errors with FileReader, regular expressions, and how to correctly calculate and display word length frequencies.",
        "link" : "https://ist239-stoltzfus.beausanders.net/project07-05/project07-05.html"
    },

    {
        "title" : "Lab 8-1",
        "description" : "In Lab 8-1, I built a simple timer using a constructor function and prototype method. I created the countdown function, added event listeners, and made a timer object to manage time updates.",
        "link" : "https://ist239-stoltzfus.beausanders.net/project08-01/project08-01.html"
    },

    {
        "title" : "Lab 8-3",
        "description" : "In Lab 8-3, I wrote the cart object, created the Pizza and Topping classes, and added methods to handle building a pizza, adding it to a cart, and summarizing it. I also handled the visual pizza preview and updating the cart.",
        "link" : "https://ist239-stoltzfus.beausanders.net/project08-03/project08-03.html"
    },

    {
        "title" : "Lab 8-5",
        "description" : "In Hands-On Project 8-5, I learned how to correctly use JSON.parse to read data from a file and how to create an object using the 'new' keyword. I fixed errors where JSON.parse was called incorrectly, and added the missing 'new' keyword when creating the chessSet object.",
        "link" : "https://ist239-stoltzfus.beausanders.net/project08-05/project08-05.html"
    },

    {
        "title" : "Lab 9-1",
        "description" : "Lab 9-1 Description",
        "link" : "https://ist239-stoltzfus.beausanders.net/project09-01/project09-01.html"
    },

    {
        "title" : "Lab 9-3",
        "description" : "Lab 9-3 Description",
        "link" : "https://ist239-stoltzfus.beausanders.net/project09-03/project09-03.html"
    },

    {
        "title" : "Lab 9-5",
        "description" : "Lab 9-5 Description",
        "link" : "https://ist239-stoltzfus.beausanders.net/project09-05/project09-05.html"
    },

    {
        "title" : "Lab 10-1",
        "description" : "Lab 10-1 Description",
        "link" : "https://ist239-stoltzfus.beausanders.net/project10-01/project10-01.html"
    },

    {
        "title" : "Lab 10-3",
        "description" : "Lab 10-3 Description",
        "link" : "https://ist239-stoltzfus.beausanders.net/project10-03/project10-03.html"
    },

    {
        "title" : "Lab 10-5",
        "description" : "Lab 10-5 Description",
        "link" : "https://ist239-stoltzfus.beausanders.net/project10-05/project10-05.html"
    },

    {
        "title" : "Lab 11-1",
        "description" : "Lab 11-1 Description",
        "link" : "https://ist239-stoltzfus.beausanders.net/project11-01/project11-01.html"
    },

    {
        "title" : "Lab 11-3",
        "description" : "Lab 11-3 Description",
        "link" : "https://ist239-stoltzfus.beausanders.net/project11-03/project11-03.html"
    },

    {
        "title" : "Lab 11-5",
        "description" : "Lab 11-5 Description",
        "link" : "https://ist239-stoltzfus.beausanders.net/project11-05/project11-05.html"
    },

    {
        "title" : "Lab 12-1",
        "description" : "Lab 12-1 Description",
        "link" : "https://ist239-stoltzfus.beausanders.net/project12-01/project12-01.html"
    },

    {
        "title" : "Lab 12-3",
        "description" : "Lab 12-3 Description",
        "link" : "https://ist239-stoltzfus.beausanders.net/project12-03/project12-03.html"
    },

    {
        "title" : "Lab 12-5",
        "description" : "Lab 12-5 Description",
        "link" : "https://ist239-stoltzfus.beausanders.net/project12-05/project12-05.html"
    }
]